year,month,n
1770,1,22
1770,5,36
1800,1,1
1817,5,1
1817,6,1
1817,7,1
1820,10,1
1822,10,1
1824,12,1
1825,9,1
1829,1,1
1830,1,4
1832,10,1
1835,5,1
1839,2,1
1839,3,1
1839,12,2
1841,12,1
1845,1,1
1846,1,1
1850,1,1
1860,10,1
1865,1,1
1866,2,1
1866,3,1
1866,5,1
1879,4,1
1880,1,2
1881,10,1
1884,1,1
1884,10,1
1885,1,1
1887,1,3
1887,10,1
1888,8,1
1890,1,2
1890,7,1
1891,11,1
1892,4,1
1892,9,1
1892,10,1
1893,3,3
1893,10,1
1894,4,1
1894,5,1
1894,9,1
1895,7,1
1896,6,1
1896,8,1
1896,9,1
1896,10,1
1896,11,1
1897,9,1
1898,2,1
1898,10,1
1898,11,1
1899,9,1
1900,1,2
1900,8,1
1900,9,2
1900,10,1
1900,11,1
1901,1,2
1901,8,1
1901,9,1
1901,10,2
1902,2,1
1902,3,1
1902,6,1
1902,9,1
1902,11,1
1904,9,3
1904,10,1
1905,6,2
1905,10,1
1907,1,2
1907,2,1
1907,9,1
1908,8,3
1909,1,1
1909,2,1
1909,4,1
1909,9,1
1910,3,1
1910,5,1
1910,6,1
1910,9,1
1911,1,3
1911,9,5
1911,10,1
1911,11,1
1912,1,2
1912,2,1
1912,8,2
1912,9,2
1912,10,1
1912,11,2
1912,12,1
1913,1,2
1913,2,1
1913,3,2
1913,5,2
1913,10,2
1914,1,1
1914,4,1
1914,9,1
1915,4,1
1915,11,1
1916,6,2
1916,8,1
1916,9,1
1916,12,1
1917,6,1
1917,11,1
1918,4,1
1918,6,1
1918,7,1
1918,8,3
1918,9,1
1918,12,1
1919,9,3
1919,10,3
1919,12,1
1920,1,2
1920,10,2
1921,1,5
1921,4,2
1921,8,1
1921,9,2
1922,10,1
1923,5,1
1923,9,1
1924,7,1
1924,10,1
1925,2,1
1925,3,1
1925,7,2
1925,8,4
1926,8,1
1926,9,2
1926,11,1
1927,8,1
1927,12,1
1928,1,2
1928,7,6
1929,2,1
1929,3,1
1930,1,3
1930,10,2
1931,4,1
1931,7,1
1931,8,1
1931,9,1
1932,1,1
1932,2,1
1932,5,1
1932,11,2
1933,9,1
1933,10,4
1933,11,3
1933,12,2
1935,1,1
1935,4,1
1935,8,2
1935,9,1
1936,12,1
1937,8,1
1937,10,2
1938,8,2
1938,9,1
1938,11,2
1939,8,2
1940,1,1
1942,1,3
1942,7,1
1942,9,2
1943,1,1
1946,1,2
1947,8,2
1947,11,1
1948,1,1
1948,9,2
1948,10,3
1949,8,2
1949,9,1
1950,12,1
1951,1,7
1951,8,2
1951,10,1
1952,1,2
1952,8,4
1953,1,1
1953,2,2
1953,3,3
1953,8,13
1953,10,1
1954,1,9
1954,2,3
1954,8,10
1954,9,3
1955,1,1
1955,2,1
1955,3,2
1955,4,1
1955,8,8
1955,9,3
1955,10,2
1956,2,1
1956,3,2
1956,5,1
1956,8,11
1956,9,3
1956,12,1
1957,1,1
1957,5,5
1957,6,3
1957,7,2
1957,8,13
1957,9,6
1957,10,2
1958,1,2
1958,2,9
1958,6,1
1958,8,6
1958,9,7
1958,10,5
1958,11,1
1958,12,2
1959,2,4
1959,3,2
1959,8,8
1959,10,1
1960,1,1
1960,2,4
1960,4,1
1960,8,7
1960,9,3
1960,11,1
1960,12,1
1961,1,10
1961,2,7
1961,3,2
1961,4,1
1961,6,1
1961,7,1
1961,9,1
1962,1,7
1962,7,1
1962,8,2
1962,10,1
1963,1,1
1963,2,1
1963,4,5
1963,6,1
1963,8,1
1963,9,1
1964,1,3
1964,2,1
1964,3,1
1964,4,1
1964,6,1
1964,7,15
1964,8,3
1964,9,2
1964,10,1
1964,11,1
1965,1,2
1965,4,1
1965,5,2
1965,6,1
1965,8,3
1965,9,4
1965,12,1
1966,1,1
1966,6,1
1966,8,3
1966,9,3
1966,10,4
1967,1,3
1967,3,3
1967,4,2
1967,5,2
1967,6,7
1967,7,6
1967,10,3
1967,11,3
1967,12,1
1968,1,2
1968,2,5
1968,3,3
1968,4,1
1968,6,2
1968,7,2
1968,8,2
1968,9,2
1968,10,8
1968,11,2
1968,12,4
1969,1,23
1969,2,2
1969,4,1
1969,7,6
1969,8,2
1969,9,7
1969,11,1
1969,12,2
1970,1,25
1970,2,1
1970,3,3
1970,4,4
1970,5,3
1970,6,2
1970,7,7
1970,8,5
1970,9,5
1970,10,12
1970,11,2
1971,1,28
1971,2,3
1971,3,5
1971,4,1
1971,5,2
1971,7,3
1971,8,2
1971,10,10
1971,11,4
1971,12,2
1972,1,28
1972,2,4
1972,3,2
1972,4,1
1972,6,1
1972,8,4
1972,9,7
1972,10,1
1972,11,3
1972,12,3
1973,1,30
1973,3,1
1973,4,3
1973,5,20
1973,6,5
1973,7,4
1973,8,3
1973,9,12
1973,10,5
1973,11,1
1974,1,20
1974,3,4
1974,4,1
1974,6,2
1974,7,3
1974,8,6
1974,9,3
1974,10,1
1974,11,3
1974,12,3
1975,1,26
1975,2,5
1975,3,3
1975,4,6
1975,5,2
1975,6,2
1975,7,1
1975,8,16
1975,9,1
1975,10,14
1975,11,8
1975,12,2
1976,1,26
1976,2,1
1976,3,3
1976,4,2
1976,5,4
1976,6,5
1976,7,5
1976,8,11
1976,9,7
1976,10,4
1976,11,6
1976,12,5
1977,1,36
1977,2,11
1977,3,13
1977,4,15
1977,5,11
1977,6,19
1977,7,19
1977,8,18
1977,9,15
1977,10,33
1977,11,11
1977,12,18
1978,1,39
1978,2,6
1978,3,15
1978,4,18
1978,5,17
1978,6,22
1978,7,21
1978,8,21
1978,9,29
1978,10,21
1978,11,16
1978,12,27
1979,1,42
1979,2,14
1979,3,14
1979,4,13
1979,5,24
1979,6,35
1979,7,23
1979,8,21
1979,9,26
1979,10,22
1979,11,10
1979,12,16
1980,1,38
1980,2,7
1980,3,16
1980,4,15
1980,5,14
1980,6,17
1980,7,36
1980,8,34
1980,9,42
1980,10,30
1980,11,38
1980,12,22
1981,1,48
1981,2,10
1981,3,22
1981,4,8
1981,5,7
1981,6,12
1981,7,25
1981,8,37
1981,9,37
1981,10,24
1981,11,19
1981,12,9
1982,1,36
1982,2,13
1982,3,6
1982,4,11
1982,5,11
1982,6,9
1982,7,14
1982,8,2
1982,9,18
1982,10,20
1982,11,9
1982,12,13
1983,1,51
1983,2,18
1983,3,5
1983,4,11
1983,5,19
1983,6,7
1983,7,43
1983,8,17
1983,9,19
1983,10,10
1983,11,21
1983,12,8
1984,1,318
1984,2,6
1984,3,10
1984,4,15
1984,5,13
1984,6,10
1984,7,7
1984,8,24
1984,9,31
1984,10,6
1984,11,12
1984,12,14
1985,1,43
1985,2,11
1985,3,8
1985,4,18
1985,5,7
1985,6,13
1985,7,12
1985,8,15
1985,9,35
1985,10,15
1985,11,20
1985,12,22
1986,1,54
1986,2,11
1986,3,19
1986,4,5
1986,5,14
1986,6,13
1986,7,27
1986,8,25
1986,9,26
1986,10,28
1986,11,27
1986,12,13
1987,1,62
1987,2,12
1987,3,16
1987,4,8
1987,5,31
1987,6,24
1987,7,23
1987,8,14
1987,9,28
1987,10,56
1987,11,18
1987,12,3
1988,1,99
1988,2,23
1988,3,26
1988,4,13
1988,5,14
1988,6,27
1988,7,28
1988,8,32
1988,9,47
1988,10,48
1988,11,26
1988,12,31
1989,1,135
1989,2,18
1989,3,37
1989,4,22
1989,5,19
1989,6,25
1989,7,24
1989,8,17
1989,9,32
1989,10,19
1989,11,6
1989,12,17
1990,1,154
1990,2,25
1990,3,41
1990,4,60
1990,5,25
1990,6,25
1990,7,28
1990,8,32
1990,9,60
1990,10,27
1990,11,42
1990,12,26
1991,1,88
1991,2,16
1991,3,80
1991,4,61
1991,5,27
1991,6,40
1991,7,25
1991,8,35
1991,9,82
1991,10,64
1991,11,22
1991,12,28
1992,1,68
1992,2,26
1992,3,153
1992,4,23
1992,5,27
1992,6,22
1992,7,30
1992,8,31
1992,9,37
1992,10,32
1992,11,16
1992,12,18
1993,1,44
1993,2,23
1993,3,52
1993,4,185
1993,5,39
1993,6,34
1993,7,35
1993,8,30
1993,9,59
1993,10,41
1993,11,54
1993,12,22
1994,1,57
1994,2,22
1994,3,38
1994,4,40
1994,5,38
1994,6,13
1994,7,15
1994,8,29
1994,9,38
1994,10,54
1994,11,36
1994,12,24
1995,1,57
1995,2,20
1995,3,37
1995,4,24
1995,5,53
1995,6,26
1995,7,18
1995,8,27
1995,9,63
1995,10,38
1995,11,22
1995,12,15
1996,1,62
1996,2,24
1996,3,17
1996,4,9
1996,5,14
1996,6,28
1996,7,63
1996,8,25
1996,9,23
1996,10,61
1996,11,20
1996,12,15
1997,1,62
1997,2,32
1997,3,25
1997,4,10
1997,5,5
1997,6,17
1997,7,29
1997,8,13
1997,9,29
1997,10,139
1997,11,59
1997,12,20
1998,1,48
1998,2,18
1998,3,13
1998,4,24
1998,5,21
1998,6,19
1998,7,162
1998,8,35
1998,9,55
1998,10,59
1998,11,63
1998,12,70
1999,1,62
1999,2,15
1999,3,30
1999,4,31
1999,5,56
1999,6,51
1999,7,62
1999,8,49
1999,9,62
1999,10,33
1999,11,38
1999,12,19
2000,1,22
2000,2,9
2000,3,26
2000,4,47
2000,5,32
2000,6,28
2000,7,58
2000,8,57
2000,9,62
2000,10,76
2000,11,24
2000,12,26
2001,1,47
2001,2,31
2001,3,36
2001,4,39
2001,5,41
2001,6,39
2001,7,45
2001,8,87
2001,9,46
2001,10,158
2001,11,46
2001,12,15
2002,1,50
2002,2,34
2002,3,20
2002,4,25
2002,5,24
2002,6,19
2002,7,27
2002,8,52
2002,9,40
2002,10,54
2002,11,55
2002,12,21
2003,1,14
2003,2,12
2003,3,26
2003,4,28
2003,5,27
2003,6,45
2003,7,47
2003,8,59
2003,9,42
2003,10,96
2003,11,156
2003,12,44
2004,1,31
2004,2,30
2004,3,30
2004,4,35
2004,5,21
2004,6,23
2004,7,70
2004,8,59
2004,9,55
2004,10,82
2004,11,34
2004,12,20
2005,1,25
2005,2,38
2005,3,20
2005,4,27
2005,5,39
2005,6,28
2005,7,43
2005,8,33
2005,9,42
2005,10,74
2005,11,40
2005,12,21
2006,1,28
2006,2,17
2006,3,18
2006,4,35
2006,5,17
2006,6,51
2006,7,40
2006,8,39
2006,9,56
2006,10,80
2006,11,37
2006,12,20
2007,1,31
2007,2,27
2007,3,38
2007,4,38
2007,5,49
2007,6,47
2007,7,72
2007,8,94
2007,9,103
2007,10,103
2007,11,44
2007,12,47
2008,1,72
2008,2,64
2008,3,52
2008,4,40
2008,5,69
2008,6,66
2008,7,103
2008,8,145
2008,9,81
2008,10,85
2008,11,51
2008,12,30
2009,1,53
2009,2,37
2009,3,34
2009,4,57
2009,5,74
2009,6,73
2009,7,105
2009,8,92
2009,9,101
2009,10,153
2009,11,131
2009,12,70
2010,1,69
2010,2,39
2010,3,50
2010,4,167
2010,5,203
2010,6,216
2010,7,253
2010,8,189
2010,9,310
2010,10,251
2010,11,270
2010,12,442
2011,1,666
2011,2,735
2011,3,892
2011,4,790
2011,5,952
2011,6,1384
2011,7,1477
2011,8,1487
2011,9,1362
2011,10,1280
2011,11,984
2011,12,930
2012,1,878
2012,2,781
2012,3,791
2012,4,720
2012,5,714
2012,6,771
2012,7,866
2012,8,676
2012,9,141
2012,10,138
2012,11,154
2012,12,162
2013,1,178
2013,2,108
2013,3,116
2013,4,123
2013,5,106
2013,6,135
2013,7,181
2013,8,177
2013,9,203
2013,10,235
2013,11,114
2013,12,78
2014,1,137
2014,2,131
2014,3,138
2014,4,165
2014,5,164
2014,6,263
2014,7,226
2014,8,219
2014,9,271
2014,10,223
2014,11,133
2014,12,153
2015,1,111
2015,2,96
2015,3,108
2015,4,183
2015,5,203
2015,6,261
2015,7,281
2015,8,261
2015,9,278
2015,10,295
2015,11,213
2015,12,98
2016,1,211
2016,2,136
2016,3,174
2016,4,192
2016,5,272
2016,6,216
2016,7,330
2016,8,295
2016,9,356
2016,10,377
2016,11,235
2016,12,187
2017,1,388
2017,2,260
2017,3,231
2017,4,255
2017,5,275
2017,6,277
2017,7,360
2017,8,322
2017,9,339
2017,10,429
2017,11,280
2017,12,226
2018,1,294
2018,2,169
2018,3,156
2018,4,356
2018,5,314
2018,6,392
2018,7,469
2018,8,347
2018,9,400
2018,10,490
2018,11,372
2018,12,224
2019,1,291
2019,2,183
2019,3,260
2019,4,419
2019,5,954
2019,6,432
2019,7,610
2019,8,471
2019,9,449
2019,10,598
2019,11,312
2019,12,291
2020,1,297
2020,2,203
2020,3,162
2020,4,86
2020,5,361
2020,6,370
2020,7,376
2020,8,471
2020,9,418
2020,10,568
2020,11,284
2020,12,267
2021,1,288
2021,2,176
2021,3,200
2021,4,310
2021,5,451
2021,6,541
2021,7,610
2021,8,422
2021,9,463
2021,10,475
2021,11,297
2021,12,339
2022,1,330
2022,2,228
2022,3,338
2022,4,344
2022,5,800
2022,6,491
2022,7,556
2022,8,665
2022,9,698
2022,10,656
2022,11,430
2022,12,355
2023,1,379
2023,2,298
2023,3,416
2023,4,631
2023,5,516
2023,6,536
2023,7,780
2023,8,830
2023,9,896
2023,10,957
2023,11,754
2023,12,419
2024,1,450
2024,2,280
2024,3,426
2024,4,522
2024,5,419
2024,6,708
2024,7,826
2024,8,810
2024,9,804
2024,10,972
2024,11,566
2024,12,619
2025,1,644
2025,2,302
2025,3,388
2025,4,394
2025,5,589
2025,6,843
2025,7,985
2025,8,758
2025,9,32
2025,10,19
2025,11,14
2025,12,16
2026,1,3
2026,2,2
2026,3,4
2026,5,2
2026,6,5
2026,7,16
2026,8,4
NA,NA,672
